{
  "id": "75e654ef-bf2a-6eb1-f288-8ca5b95b87c5",
  "name": "Walmart_Env",
  "values": [
    {
      "enabled": true,
      "key": "URL",
      "value": "http://api.walmartlabs.com/v1",
      "type": "text"
    },
    {
      "enabled": true,
      "key": "API_KEY",
      "value": "YOUR_KEY",
      "type": "text"
    },
    {
      "enabled": true,
      "key": "rate_1",
      "value": "20",
      "type": "text"
    },
    {
      "enabled": true,
      "key": "rate_2",
      "value": "30",
      "type": "text"
    }
  ],
  "timestamp": 1512357742410,
  "_postman_variable_scope": "environment",
  "_postman_exported_at": "2017-12-04T03:23:15.640Z",
  "_postman_exported_using": "Postman/5.3.2"
}